Timestamp,Delta,Theta,Alpha,Beta,Gamma
0,54.96714153011233,36.99677718293001,35.27375207517933,14.276577326367827,8.273012790070132
1,48.61735698828815,34.62316841456384,38.98836930499137,17.418844967661492,9.937593022121833
2,56.47688538100692,30.29815184960087,34.45306055300027,18.75918339973507,10.036033744088893
3,65.23029856408026,26.76531611147213,37.84426929252672,25.66306297202057,10.945260691686812
4,47.658466252766644,33.49111656806795,26.7446973313235,21.669659373601274,7.266283273438347
5,47.6586304305082,31.967426927108747,41.49305595161057,15.993555292700325,11.18513454769466
6,65.79212815507391,34.47596610013866,40.00843832753557,21.45810886825291,4.59121673679445
7,57.67434729152909,33.175859008409844,34.28037958252266,15.358088033184902,8.74023089527238
8,45.30525614065048,35.247763576596675,44.614719679026834,23.24807316166122,9.023452315096911
9,55.42560043585965,27.32382394219716,46.56299096338591,18.586626044546364,11.266653652142477
10,45.365823071875376,36.58697032817163,28.74708094941718,19.719091433782488,10.045261705353738
11,45.34270246429743,30.987998023461998,34.6609265500365,23.97738994262657,7.188873892287427
12,52.41962271566034,40.37630436312632,34.616003551488916,16.13850929424725,8.03001374836597
13,30.86719755342202,26.55406090955216,33.420678292237945,15.808645444661027,10.397360019094814
14,32.75082167486967,38.67981901582625,45.80632389352224,18.249202020961985,9.841865316270887
15,44.37712470759027,30.989553917313238,38.64321702859038,23.11513655305795,8.841751780728508
16,39.87168879665576,26.74290998192776,38.14839611082572,15.441961773569473,9.038332420976042
17,53.142473325952736,27.58057082972839,25.972963449152726,11.503533205668294,11.392335994318579
18,40.91975924478789,28.3982634590284,44.44792621146458,18.646523424773005,8.964614854261571
19,35.87696298664709,32.12082973200958,31.32519123602569,21.65522239973276,9.823817511941854
20,64.65648768921554,32.6141774401775,40.4195284118643,23.600785249216486,14.339873176161085
21,47.74223699513465,27.131499980307105,41.94163856570734,18.610515913743804,7.152634726232154
22,50.67528204687924,29.878227038695087,49.52461017087056,18.765720178651993,6.296314536850683
23,35.75251813786544,40.71135179305932,30.838257206166215,23.461702202767242,11.567179329597213
24,44.556172754748175,38.637715850503554,18.863414909254224,14.390774900913739,8.642713877411794
25,51.10922589709866,32.18161834837016,41.28694681327586,18.83443767445097,9.36352494451476
26,38.490064225776976,30.190017390841,52.60357827057598,20.57127166977517,8.437687243737772
27,53.75698018345672,30.600156633591308,48.67262447057606,21.347656163855103,9.480399718464975
28,43.99361310081195,33.06758986365208,41.46761590692238,18.47057992042735,13.197076224192683
29,47.083062502067236,24.886037174007974,36.55854670057567,20.103323035117523,11.604256917236238
30,43.98293387770603,28.713117312883274,45.64985817646117,12.535017939761032,11.724447023773955
31,68.52278184508938,21.657079630612053,33.18517660206872,18.025254762998454,7.167545888414709
32,49.86502775262066,31.996115613026397,43.33450438549353,21.360526137663403,7.6976925268942615
33,39.422890710440996,33.2359796985137,43.53829111416639,17.05311789723596,4.321842681029146
34,58.225449121031886,27.58406768850313,47.42146935249216,20.17695266476879,8.381238357834492
35,37.791563500289776,37.869933816450164,59.31762027237754,21.340617502408094,11.913406372771316
36,52.08863595004755,23.871171684988294,42.74691177025137,18.972352397426704,11.033893031496742
37,30.403298761202244,22.6781255989509,36.43725462004751,20.511391312989712,9.556973474095752
38,36.71813951101569,31.12225909279986,39.82097981465604,17.111802304146163,9.955399432563894
39,51.96861235869123,35.23549151306077,27.61646866577617,19.38016616091186,8.622228914849188
40,57.38466579995411,38.419638457289345,35.137008082376596,21.830648508767666,10.409517764803569
41,51.7136828118997,27.7055786856553,37.13502293320827,20.470918882905302,11.531756558961229
42,48.843517176117594,35.393404167156476,36.33138121445785,18.240406191308193,6.768226425179055
43,46.98896304410711,29.807457652496463,41.066484104236054,20.67264921287238,10.599295375674696
44,35.214780096325725,29.136863500295902,34.2430604733246,22.143829371909852,11.864869741909335
45,42.801557916052914,34.41829968743336,47.8472146712713,13.850176164267566,9.169799422073261
46,45.393612290402125,33.261614392067095,40.00144945442738,23.477222194867693,11.401401224241168
47,60.57122226218915,22.118039215078753,39.9348977520297,18.991235783956785,15.629308888945106
48,53.43618289568462,37.38270174862948,37.70473698440958,21.27646979972069,9.791314414026216
49,32.36959844637266,36.90045677073726,41.08633478701285,23.591740770935683,10.786614100010647
50,53.24083969394795,26.872186492452354,45.77568785267344,15.884978908308602,8.523885832677216
51,46.149177195836835,31.979017667187044,33.9300884900237,17.87167699271736,10.362502325204101
52,43.23077999694041,32.47015093141369,35.3931845764732,19.134353912372887,10.920543249964608
53,56.11676288840868,31.303368829119535,37.87391779856335,17.648739436626716,10.389684680540276
54,60.30999522495951,27.2484742307729,30.578903535687495,25.204809727510426,7.9606093605822865
55,59.31280119116199,26.641883160309742,34.26519498194951,17.429683718519623,10.412723542650902
56,41.607824767773614,29.872229645042772,36.66645388518739,18.3333596615394,12.924391877435273
57,46.907876241487855,35.86364509629682,46.12072426498909,20.61316709480893,10.897271529029055
58,53.31263431403564,32.71800077297216,41.837929303013475,16.393551421771733,11.923974378143683
59,59.75545127122359,28.14692833956947,41.35512937957281,18.81295786473121,9.525976059974745
60,45.2082576215471,33.85849355324172,45.956285735175804,20.952359783750527,11.49980047884742
61,48.14341023336183,15.757286896849623,39.03839748120422,19.001418786852465,10.558535676433053
62,38.93665025993972,35.74382850186052,42.73325394950223,19.719839423300154,8.098178540625536
63,38.037933759193294,21.301431106109504,39.27744772947253,18.412003662654886,10.63704200959775
64,58.125258223941984,28.18779529298434,41.8575364457974,15.4565890724577,8.016606673119378
65,63.56240028570823,24.401650526869282,35.92068939671893,20.964779634017717,8.734239450230415
66,49.27989878419666,23.526592621395473,22.928279892064996,25.264799214941725,10.378656614584749
67,60.03532897892024,35.8041339368926,39.06004586469587,20.055204892350314,10.594488546760248
68,53.61636025047634,27.661493993440544,49.959236952699584,20.675792351742647,7.621535069845741
69,43.54880245394876,31.73251940865358,46.48350781569115,22.078168265350577,12.107971542365753
70,53.61395605508414,29.76539710560408,46.757782392138196,16.1920085103599,11.144012556600945
71,65.38036566465969,32.385204136115604,48.65291505264352,25.10754397438882,8.590543128778233
72,49.64173960890049,30.384109455301278,40.62060313673006,20.606986389268407,6.924830407101649
73,65.64643655814007,23.58503887905715,41.38120995183917,24.895570697267328,9.710190841837138
74,23.802548959102555,34.9813340972357,35.67643673195955,17.80090101342803,9.10811257227768
75,58.21902504375224,27.531217084193436,37.78749000781065,25.454185767673472,10.226280914106045
76,50.870470682381715,22.217090506701247,44.31039804839799,22.32546648210435,9.273766677688867
77,47.009926495341325,27.859424195170437,48.42719106018171,21.659120257557074,5.98508627850998
78,50.91760776535502,37.503798953171554,39.023876070233,20.702073363059444,9.223306123397684
79,30.124310853991073,34.251108710567465,36.84867514604012,19.254414145776654,9.388761777863374
80,47.80328112162488,28.256739327960705,40.00369571199618,23.60159497542162,11.267322049548117
81,53.57112571511746,28.253711478407855,44.2084472425038,20.42107960954414,8.603600650777901
82,64.77894044741517,28.391824743913087,29.89301628706521,14.098790889238543,13.357349346745131
83,44.81729781726352,40.383739917804206,23.926733328039333,16.648440614878993,6.176718898696485
84,41.91506397106812,31.909677261157768,36.146242053558915,19.442462743421757,12.622334995605248
85,44.982429564154636,32.15020823595535,31.455013018600887,20.929996949496665,9.551362058243791
86,59.15402117702074,35.151417270159214,36.44301861646883,19.830234533300313,11.719169744687113
87,53.287511096596845,31.193945795132567,38.9655377682777,23.65691236938099,10.159602968117467
88,44.70239796232961,28.704789270896484,36.82726113683891,14.146694407884127,12.279111072050938
89,55.13267433113356,29.01825075457511,50.16727274129522,20.43076380951548,9.225276070894378
90,50.9707754934804,29.641993702929682,42.28721335221624,14.546062323838536,7.802759149644375
91,59.68644990532889,29.813888817450792,42.1033205172758,22.279136886452505,12.841008574542126
92,42.979469061226474,33.6381477181849,44.35545000830381,19.71662385667399,9.773038708235717
93,46.723378534022316,30.259729429036497,32.02816817553462,21.258829916072354,10.443116947248422
94,46.078918468678424,33.6632003860779,47.27378251194188,17.4083511182307,12.46950382808959
95,35.364850518678814,29.59641709945709,39.46964999425178,23.838394794973254,7.93608951581113
96,52.96120277064576,30.393175951580453,44.69336432068849,23.125173992176553,11.190981795278514
97,52.610552721798896,20.00899657733946,32.49699936871891,21.750632909035662,8.820210487074219
98,50.05113456642461,34.581638373512405,29.12368863788755,19.611448259409677,9.735661288711256
99,47.65412866624853,31.732442379489964,45.7252276061752,21.739571855885398,10.144557930768578
100,35.84629257949586,34.99005054929826,42.63486668268261,17.879322296037955,6.999556277106128
101,45.79354677234641,15.518723109031553,33.685639119497424,22.566666977062138,8.442325914359131
102,46.572854834732304,40.44187352390364,33.91235843107714,24.948442682971763,12.702145784826278
103,41.97722730778381,29.302051859224132,47.87804349090339,23.21183167993756,11.772382377169592
104,48.387142883339905,35.54091408368758,31.674116749928707,17.81119259057777,9.87472084534553
105,54.040508568145384,24.800470364372345,51.498710672791745,21.084251951819308,10.486246917025786
106,68.8618590121053,33.063869525312846,33.695654857464916,16.120575368724058,9.411514988727085
107,51.74577812831839,24.73292218413172,44.46874347925868,21.717170933527026,12.713166771655963
108,52.57550390722764,26.881155196520975,37.69967066975711,21.351810238587618,9.599294844411672
109,49.25554084233833,39.570156769333934,44.2223120175764,14.390550981403507,10.463684184269695
110,30.812287847009586,29.046587996183266,36.19120198520065,16.51464846826291,12.29206028828413
111,49.73486124550783,31.087164365898616,38.86044965749394,19.1505833097687,8.445257030308188
112,50.60230209941027,34.35033865344377,40.286434227770044,19.09742075857752,13.117578368993788
113,74.63242112485287,32.47840943986302,32.98468780952969,16.371569193743582,6.939077180513246
114,48.076390352188774,30.752094525717883,45.18577041794088,21.16693618805655,13.259284262225597
115,53.015473423336125,31.824805012331126,36.4075050346989,20.754420826821537,9.25464883209605
116,49.65288230294757,42.01707792619138,38.39980059261987,19.417192604064443,9.514602504349437
117,38.31321962380468,29.711906014832074,33.039554377740416,17.73262549952491,6.219979657634115
118,61.42822814515021,31.005495233574837,22.063664388432827,23.146121379249692,9.090410565244614
119,57.519330326867745,35.25327198003806,38.662805661798814,24.966221339264884,7.9203869379462315
120,57.910319470430466,35.52762966478992,56.888307951290415,18.549315548460388,8.784707309253054
121,40.906125452052606,35.9351515278019,45.49223001528617,18.163499248535537,9.725378068422241
122,64.02794310936099,33.19365111014592,39.86517734185924,21.47362299623599,11.915583228945811
123,35.98148937207719,24.284975436347583,38.159764195542124,18.92591186075904,10.415206702801251
124,55.868570938002705,38.16715766150548,40.157261249684325,19.5818083980103,10.615353306802227
125,71.90455625809979,24.26827303490656,43.82983380622647,22.218959455174016,7.808961222308875
126,40.09463674869312,31.513177326195166,31.734310292838085,14.271931737478122,8.23849182079454
127,44.33702270397228,26.22862074990321,47.8002518626821,23.954906974558007,13.597450036702623
128,50.99651365087641,29.679308267035037,45.00766920808871,20.218041572988025,8.529597930473507
129,44.96524345883801,31.6438120515174,45.02730007995554,18.76552056631346,13.31241650411459
130,34.493365689338674,31.606786077251364,43.06933017166809,19.732297537335654,9.513877602238267
131,50.68562974806027,32.109603771176424,40.13731660385793,19.887288065061558,10.004575872287008
132,39.37696286273895,38.06855634529323,44.71002865176774,14.806396089665224,12.14073032045986
133,54.73592430635182,32.2676715075699,44.142698936189646,24.48481468235971,12.543784843877313
134,40.80575765766197,28.779216823546758,37.52171502341283,20.123976896811854,9.778374879441825
135,65.4993440501754,34.820435841441785,35.98478758972169,21.329006391342126,9.223513892956923
136,42.16746707663763,35.947352444623206,40.71299406683391,22.854649311722127,9.888159102955573
137,46.77938483794324,23.86196092431504,50.84314106046631,16.9365126273191,10.675915056464236
138,58.135172173696695,32.98700034924929,31.326250470422693,21.420415697105685,11.782607373739511
139,37.69135683566045,33.50586371155449,29.72732313973292,19.19707672730362,10.008459717988304
140,52.27459934604129,28.51218248320004,41.153325888655615,22.54031232564948,11.237772596046307
141,63.07142754282428,36.878534066558096,40.356213912992125,13.618317738945514,13.276719464541882
142,33.92516765438772,29.249722064837368,41.213391650592854,19.702717099276192,10.762619224529569
143,51.84633858532304,30.627882267357712,41.7076723853595,18.191538032648115,10.623305712009557
144,52.598827942484235,29.13464087858065,38.43758421755636,21.296788851902466,6.962178349819864
145,57.8182287177731,30.077895237907338,50.42904407021457,21.410132562104607,4.738539726341873
146,37.63049289121918,24.518624565523993,28.793672150664392,17.87712231553392,10.776751458460337
147,36.795433869157236,22.79974558702853,34.20052082653828,17.86347840747187,9.810351537438256
148,55.21941565616898,37.97252531612486,39.27721667895667,19.668003894328013,8.970434650170516
149,52.96984673233186,25.76519325840836,28.49767832192083,17.310073318054375,10.48706040837269
150,52.504928503458764,25.043038252718464,38.769019168975504,22.52595108635638,9.879192541606184
151,53.46448209496975,19.233049431981428,51.63029116009613,18.892378398657662,12.255560501267798
152,43.19975278421509,26.805191261552487,40.14620541807173,11.279035342035076,10.172221736517956
153,52.322536971610035,23.38455103296251,41.614906340030785,18.875533830134582,8.506153429859665
154,52.93072473298681,38.21007580068185,31.17884664379194,16.884368537468085,11.980332477918578
155,42.85648581973632,35.04908544671317,35.685470143723656,15.106172553617164,9.565737850107595
156,68.65774511144757,26.559248274111383,37.37362533773244,16.287720085332282,11.053073367344615
157,54.73832920911788,41.26217902672154,37.77599432270636,20.32822541549891,9.0451785876144
158,38.08696502797351,34.90882743495797,48.97150656502638,23.985922484744695,8.700346229005127
159,56.5655360863383,28.37584308245689,43.90383742507587,20.93955342159494,10.168336460371393
160,40.253183297726785,17.502971425632133,32.21979430144078,18.18048983535278,10.02565728708737
161,57.87084603742452,41.45471286295371,41.725533449024034,21.36771258551211,10.959654070733666
162,61.58595579007404,23.05213766618202,43.487552239477495,18.622729069343023,9.462708493380514
163,41.7931768164829,21.773006265215542,47.981043269648865,17.916198892510565,6.327280432459205
164,59.63376129244322,35.1128521600482,51.063784805978614,16.536911995301047,9.134452232823223
165,54.12780926936498,42.19876203169636,32.89434065720492,14.744513579744844,11.587636934287632
166,58.2206015999449,36.921364092552594,34.323997421527636,18.830228880321663,9.405247841513788
167,68.96792982653947,32.8195456002618,31.196954987597685,20.474160469760395,9.507233194970905
168,47.54611883997129,32.97377170832643,38.36186098625113,19.71012898995533,11.972753011811875
169,42.4626383564251,34.267077793901535,43.26450862112434,18.752099216157923,8.576053545482154
170,41.10485570374477,33.79464294893383,46.911341616123714,17.162761817909658,6.914393563514201
171,41.841897150345616,31.405957119846878,39.46834283450234,21.824738575054905,9.678737760949012
172,49.228982905858956,30.52100551975938,37.76106733721609,16.048604240160245,9.031652097502526
173,53.41151974816644,29.687034360502388,41.06230594574118,22.328083741530428,8.067507360493492
174,52.766907993300194,26.23017705566662,34.15399968858984,16.993348943219825,9.649243088202619
175,58.27183249036024,28.59662461566613,54.626771051863415,17.742694287940896,10.983011294493567
176,50.13001891877907,21.535215929023074,28.74637281017359,15.599644428152969,9.981422876864368
177,64.53534077157317,29.50830186602625,41.29318405227007,18.49579355934309,10.613962145372476
178,47.35343166762044,25.057044464245415,54.16524353460748,22.925937375433936,13.626815397030846
179,77.20169166589619,24.482053413921143,40.047598911919984,21.54688426533187,9.314242276884872
180,56.25667347765006,30.899470755767393,38.66972675498954,22.935266336084105,10.556697269289339
181,41.42842443583717,36.960011431723,37.49788204032701,21.56642763780181,8.98157327480173
182,39.29107501938888,34.59158303001156,38.73725822766315,16.688990514408893,8.307280560226054
183,54.824724152431855,22.147496981884114,49.60993932273571,19.007632327017326,8.83018469316446
184,47.76537214674149,25.051859317148313,24.516966620693452,17.65940261264761,9.042482856956623
185,57.14000494092092,34.70385593994108,50.73403590907428,23.99172471211712,10.718951595094252
186,54.73237624573545,25.087563032308452,30.032299932848986,16.409634060721064,14.698151573401514
187,49.271710873431275,28.876834250014877,38.133433695359095,22.681093068167332,8.56791312744832
188,41.532062819315954,32.75026049512276,36.99528905790937,22.678861610326308,9.166749388769075
189,34.851527753141355,25.158277725681824,44.11987288839504,25.48886060514826,9.873753973777504
190,45.53485047932979,30.5268775307298,28.81312953681377,18.77094022211151,10.791597697419494
191,58.56398794323472,23.329872525408977,43.2352086625736,22.136966478740487,10.52710162390957
192,52.14093744130204,26.99316178024393,54.17016736300797,26.84495550961653,12.568191587896234
193,37.542612212880115,31.598909670712686,30.457781967850327,18.14707496919891,5.1472158589295836
194,51.73180925851182,22.035031332341653,41.32794317327277,15.39487925740292,5.226140259608655
195,53.85317379728837,32.202373689801995,35.36612475542374,14.35996989827671,9.008243655979701
196,41.16142563798867,29.901811005366593,42.98121044335125,22.138136086583994,12.194600375087418
197,51.53725105945528,32.76244977208574,40.134034441910266,14.350549375824249,6.868703936788807
198,50.58208718446,31.119570670323306,35.509591636689834,18.88304284118623,3.9847353206124856
199,38.57029702169377,36.82070214986922,43.415105994097516,21.311939561116883,11.142358812438417
200,53.577873603482836,30.626122513239537,52.6304367685072,20.555526610489743,10.48731444740543
201,55.60784526368234,27.852972294373735,38.66367345790891,21.276334592552516,7.8195831864011405
202,60.830512431752766,30.611487515161418,45.03830559503727,20.66686956740256,8.02892079855814
203,60.53802052034903,32.716490145181936,30.947089294901854,23.836597439940178,8.06051256073065
204,36.22330632042909,30.24430035162852,33.30494536227394,17.14305085778361,10.22107063494788
205,40.62174960084877,30.202958456019413,43.30684394516264,17.969014584624407,8.747369447633986
206,55.1503526720866,26.490041560966223,50.388812199751754,17.682021664187527,10.988127837951039
207,55.13785950912209,26.68549541224526,42.48929344149962,22.49057543558783,4.290746674191218
208,55.150476863060476,22.986973641001534,37.80859378633792,22.70119576518519,8.286296269744401
209,88.52731490654722,38.7478837159347,39.99503983796348,21.353675957955524,7.7478920781779
210,55.70890510693167,23.780683823043574,31.24714586221198,23.550481000669784,9.487318643255016
211,61.35565640180599,26.53547401102046,44.231607284487566,16.46587739787086,8.923904483019722
212,59.54001763493203,26.40796367215401,46.176331436263865,25.00167233465341,11.595687559791534
213,56.51391251305798,34.474621884722204,36.83536767016844,24.569715865136775,6.281326456679885
214,46.84730755359654,28.52525160853986,36.70970496568349,22.20686599173724,10.090982952661504
215,57.589692204932675,36.23871036336867,41.86114760756434,25.34539672631318,11.11667284642341
216,42.27174785462428,26.63254687878066,36.94296184771583,15.030130376966678,13.71329487312391
217,47.63181393259991,31.39497081111901,39.53707169761924,18.426655591212043,9.03646805781305
218,45.14636452170897,25.823264733701215,54.698052524165604,17.794089617954143,10.648917208705035
219,50.81874139386323,40.72574563886694,38.270820094778024,22.16443797127203,6.392274414875271
220,73.14658566673509,24.062007904852436,37.49161893585144,16.849577781193563,5.216087591373952
221,31.32734807408252,31.549103551135136,35.467207360553886,22.272485448012457,11.6895487515634
222,56.86260190374514,33.168884404660496,45.20934380049955,24.111608431990142,9.98887941270386
223,33.87284128810349,32.06899548725749,38.73143078747328,22.085608700252,12.357025379596845
224,45.280681342105666,29.073561705611457,35.454388731750015,20.851253070984505,7.253194222060502
225,60.889505969673664,29.35089650133287,49.249128225911086,17.036379977297752,11.039804279057504
226,50.64280019095463,30.219057359895547,49.937221031595456,17.459447101623905,13.737635681087706
227,39.22255222070694,29.264989991857558,35.79703503982906,23.74885671589,10.839411216714531
228,42.84696290740032,34.81939558397455,26.934220340475687,22.338047011715997,10.553163011182097
229,56.79597748934676,41.05261500795676,47.05259582885846,19.882941441867366,10.017112161648699
230,42.69633368282864,27.212541074960832,35.20759121967997,18.746271362702327,6.858237085748176
231,52.16458589581975,23.150985102104613,45.53437919413938,13.92257638066587,12.711145871420696
232,50.45571839903814,29.558589758243727,26.20927327601715,16.787442743946684,8.778284720389868
233,43.483996523941826,42.898546688271594,46.24818136809517,25.73425726141917,11.008966512766033
234,71.43944089325325,25.981627160151348,31.52179649503453,16.1586332869926,6.8739313868574925
235,56.33919022318011,38.195584027220335,45.115348833465674,20.568439463663243,7.641080670984439
236,29.74857413342393,38.388504070382204,40.09991147485504,23.022331919585596,12.87017479844447
237,51.86454314769428,27.232058791460027,33.32242406422348,16.23523199599312,9.305395422084315
238,43.38213535231612,32.84491539592638,37.150745809512536,20.55413142434325,12.90655095208509
239,58.52433334796224,38.14198311564269,44.8042291986969,22.813746612531965,9.843538681882965
240,42.07479261567299,28.104361295062564,40.74126117180664,20.03749796572175,6.316204454084286
241,48.85263558533101,28.982098199488192,44.09089086330739,28.605209167000304,11.78413519946344
242,55.049872789804574,27.09159543025678,53.8350840916084,14.994202223365415,8.820215364488785
243,58.657551941701215,24.926216346535668,29.05030871802264,23.176185589651638,11.397377627034087
244,37.997035929442234,26.753612274669965,51.32048802478037,19.481594787810607,10.050421735080164
245,46.654987641590516,23.880298666188718,40.73049156266249,22.315760464510024,6.913763544114259
246,45.25054688839044,30.17041734129613,33.7085116617381,21.32392145509774,10.328589530741137
247,43.46670767426288,26.15013384470679,30.68780461982707,17.80053140867001,14.3924462843056
248,67.65454240281096,31.16892955895374,38.676157264560764,20.68698917737802,10.985972917028919
249,54.049817109609556,22.220521768981865,46.45155078347121,14.426295645805139,9.884964493989074
250,37.391160456649544,31.654401161072286,39.10715615735726,21.809742501714183,12.150686803913796
251,59.17861947054776,34.16764480804462,50.57808451173143,20.894475397971576,10.421336930406222
252,71.22156197012633,20.031321787142723,29.841770169639087,21.91598050592931,10.419068460525589
253,60.32465260551147,31.87028284923786,39.91537736507762,23.17435497526145,7.816749655681795
254,34.80630034045987,36.13834496236646,31.23324588910817,21.10285952062913,10.467696051579196
255,45.15765927133749,23.951794906543974,42.545423178374776,20.44426825939483,12.070886832833889
256,62.669111491866225,38.362861934188516,46.2082117306811,17.356794990016123,8.32787569579995
257,42.92330534381219,32.095095046830224,37.05466744423263,17.863337709052846,12.848991642493896
258,54.43819428146229,26.474940721207957,21.77050300361006,23.560203860531992,9.816587951709748
259,57.74634053429337,29.72115461171147,41.39263702757546,24.309006217117936,8.224460976922918
260,40.730695284219166,32.791634562608614,43.057169862134565,19.285668691063837,11.99526415384049
261,49.404746439382,30.380026957062057,42.830063284731885,20.138008241759824,9.426411528523461
262,17.58732659930927,32.693779962231844,48.65047534275508,17.2861568750187,11.519029774972216
263,39.756123586657104,25.39663203460317,32.50262424245666,23.518270535802333,9.416482735482926
264,47.4743184860684,30.84680412018039,44.761512738153144,21.996250471075335,9.880347712940193
265,37.52216818035151,22.9314275154751,48.347552587345824,25.82365230939125,10.987120408668583
266,66.32411303931636,29.4438696932565,27.54988691195438,17.365030768460784,10.581794115180012
267,35.69858622039367,25.480461792676053,42.23756278143284,18.86597630294535,6.008936439096523
268,45.599555133030165,26.322350287051165,36.4707411829463,20.694337767576716,7.7575125198112165
269,51.30740577286091,36.18046587605219,39.42934128828848,21.93946861317731,11.858819969581631
270,64.41273289066116,35.45655060297135,42.433735384768354,19.352997087357103,9.735726822196906
271,35.6413784882056,33.045690604535885,36.58940005120513,17.3811167286389,8.952537394457156
272,61.63163752154959,24.538436176637106,35.270043445868716,22.644222586770713,7.282851969485051
273,50.10233061019587,28.41795775152599,40.23906692241617,22.163406087636744,7.840527357448304
274,40.18491348952049,36.06548849989592,32.389278427960384,17.251177698308826,5.956402720076105
275,54.62103474263271,30.708584568199523,32.3992240978037,24.066328403316486,9.797438562596934
276,51.9905969557347,41.59664769990847,44.755612980695524,23.51059612758981,8.803124838837906
277,43.99783122841205,31.96658919697186,31.958441753889407,20.40288949174338,8.06682421802937
278,50.69802084990019,30.960245582450156,44.664187506364485,20.23879358712811,9.863753149664094
279,46.1468640313824,28.454417678987493,43.23813904997766,21.662173313347722,10.727941261705476
280,51.13517345251248,30.66770452391141,27.919352898465824,17.414890789231226,14.18639586441989
281,56.62130674521047,29.23765081809728,35.25704743365041,20.090094437492247,6.976233160873573
282,65.86016816145352,33.54054338344295,48.35876582133161,13.542849366172458,12.318762086601044
283,37.62184501173151,34.783511583972924,33.13184128202223,22.629366936508806,11.946203122030145
284,71.33033374656267,26.070052697460252,36.749170163834286,15.31552033267442,8.441814521246599
285,30.479122004774982,23.34383523221111,43.23442625276328,24.510259485286998,10.406471909172062
286,48.482149049644164,20.818973134483517,45.483733564978166,19.00963971810065,9.08473350132477
287,55.883172064845766,32.53995663456272,38.23922779768853,19.364999054206468,10.371377160837477
288,52.809918677350325,24.483166969130632,35.81742863715851,18.116798281746483,13.0182620268091
289,43.77300480179406,19.235547035237587,49.95658903188955,19.13588337823377,11.211212465262626
290,47.918777496427246,31.942893022654822,52.172297646583054,24.255594035444112,11.017216746466884
291,45.06999065341167,42.46499758716395,46.85200635547257,12.536574030394762,9.139381360090715
292,44.106352430557884,29.969645442300532,40.59722699795517,23.830896158264565,7.03188667015133
293,58.496020970210246,34.19245387225821,34.34213994851351,21.014070443305123,9.583063578919184
294,53.57015485965047,30.409146792737825,34.186889154104044,16.378935056428354,12.41321630972783
295,43.070904047393455,29.505551734044285,43.6575987368603,16.774062820852286,6.945664286820705
296,58.995998754332504,34.59538241493884,42.92878754622079,25.02917908162461,7.88982126364661
297,53.072995208766095,28.548627279056742,49.81119015062501,17.163479360171806,10.252535472468136
298,58.1286211883896,31.336961570359513,44.55315064775297,16.53994846821212,8.030690430305475
299,56.29628841923612,31.608489030980067,29.478437887681274,23.41194362709419,8.414953105769575
300,41.710049890779274,26.659547731784755,47.36363332406043,21.015658628857743,9.152802836543646
301,44.39818959803031,34.960211747682614,33.01357560879911,17.186223270390805,7.268765191619702
302,57.472936051232615,29.125201216522957,37.31220109633354,20.649874926213858,8.051756307567263
303,56.10370265433465,26.221274202535778,41.751401443761864,16.922741949079168,11.406855833574618
304,49.79098406035852,32.68254921785202,53.969672428487755,23.302464195267817,7.385260435538072
305,51.17327383308782,25.507660091044812,61.76942989203752,23.1841128946194,6.804255731010325
306,62.77664895788425,30.140905786845643,44.247061413953276,21.59601859646583,8.73995004093221
307,44.0842861116417,29.95440501677898,38.71762366895729,21.08498318374105,11.46391100501969
308,55.470973811700375,35.42947782915789,43.74153953936385,25.283564374602122,9.606156384006221
309,47.97807347566106,32.373491164399766,46.21358798111685,19.999058982164676,9.070837843768764
310,47.8231879677278,29.87486520627428,37.755326621099655,16.454377623737596,10.088717595031214
311,60.9877685198719,34.08883149600143,52.566479491386254,21.34842173849692,6.508585134280696
312,58.2541634898803,36.951037745086566,41.610495314339815,26.25814114861134,10.989411307550064
313,58.135096360006386,32.78905153175931,43.48420162363976,16.955721520442445,10.766870062807289
314,63.05478807154329,30.051763099216902,44.66146976438123,18.915611699918042,9.181383051808558
315,50.21003841632759,23.4408188382492,42.95110627430119,21.249338114304358,12.011849023592834
316,56.81952971294964,24.674431684623137,45.87258350328729,19.83828545298278,7.745007802093923
317,46.89733243406544,28.47387647822666,35.67922769417154,17.053089258868056,12.255817986507138
318,53.24166352488442,26.952438989203586,36.091887722377784,23.365573568691413,10.308987331190503
319,48.698569456323156,29.06514348507277,32.298920369198136,26.96012216605178,9.326894820243654
320,50.96995964992718,30.283249624485535,43.076508614341584,20.588394377071722,9.960252729263377
321,55.95157025436914,32.64846377178365,45.452555524584795,17.287795130792,9.785470468378117
322,41.81779316766527,29.647506109704544,43.2044100630632,15.353118424839575,12.440565792835434
323,70.9238727568546,32.43250821913101,51.72144703343276,20.773927943663544,7.846641745057973
324,39.93982618500298,30.3223720740506,39.960827868196674,23.311632029948772,8.474961521706803
325,37.85811387212268,20.12266716823064,44.68119158914759,21.425503239486144,12.07260578414496
326,61.581108735000676,25.303323030906228,32.3580938670248,19.992788477243437,8.808930129632282
327,57.91662693962936,29.279562221391924,37.29030208267919,18.232185044632082,11.801066154663182
328,56.24119817052155,23.95152628579446,44.86876430296044,16.723509101845732,13.398871966017419
329,56.2834550926428,32.999643649981024,45.94371477520201,22.504253978974646,9.196409946116733
330,49.87753227153085,37.65375416171849,37.942231366350725,22.741314864156756,11.362724653150611
331,41.02745628514168,36.09380925848659,39.49880523699353,15.362810639927801,7.692615437320283
332,50.75804558193726,28.93278564534896,29.374883773234334,24.769516934542054,11.509466596135619
333,43.22838288487888,37.45363068424976,37.50079559435373,21.722213662682005,10.398847971973534
334,59.75119733417751,30.743337286010558,46.2326821446385,24.19878393543738,10.94607656432043
335,48.52942618497861,28.314570144409803,44.026435112745965,15.973616754544654,8.70885585592921
336,41.745028032074885,26.9329866822953,43.504660049668466,15.902527533753684,6.677833168865655
337,46.78614158347007,28.487651567559357,40.34841581026672,19.55309207069811,11.00650412949901
338,54.12931454275624,28.059115907293858,40.04944211039724,21.508353280685583,5.873193695041091
339,44.36275447196025,30.85208111187744,35.37775202368587,25.38908246878089,9.36529901551493
340,41.77779604433569,30.802869905249324,44.89179894141775,22.118236741445394,11.88236373283994
341,52.436872114919126,30.015230100767074,42.94681061072573,19.2719561695639,10.383795471746073
342,52.44966571108723,32.18469084873175,43.44413193594959,16.920892377002325,13.896685289579626
343,44.9305682462887,35.95323137393171,36.317756101326935,23.69000171815745,12.050218305163547
344,45.289616943816775,34.74777067720662,24.926599560901288,17.105883722747855,8.692203223348848
345,52.32049937357636,22.575510157750482,47.68006898227587,24.885405664316963,10.054626759702877
346,35.51915658502676,17.230394325490224,36.64813780794117,19.14684605118047,9.905258594911128
347,35.92536225623445,34.67159955619637,33.96056965169816,24.77174621785355,6.8356464733077456
348,42.81555778747564,23.165606507922895,44.85435238339795,22.036793870177835,8.119202167031293
349,47.86552848288153,28.87617299053658,37.255911520566094,19.589013531672624,8.87847818604028
350,53.10907565598005,24.149434869703203,47.41955468832635,18.44181088452162,5.927558994288127
351,64.75356216949552,20.9900978120999,44.31904164703688,18.97727636796176,10.094986936503286
352,58.576596232020194,32.70731364102394,44.784985262403346,21.284950077125714,9.501856310693919
353,48.40061470036573,33.79577580151324,30.43831002159626,20.23146948865315,6.654212197376852
354,49.80983792097311,27.1174479963664,48.4836078977048,18.218565775793884,10.808425730554664
355,39.97470635362191,17.04478853927545,41.82875371863699,19.503105769047103,11.43174548938192
356,49.8148686400761,27.268777758737585,37.41506002527658,20.23573108915745,10.454068957729778
357,47.11341361079862,31.959020027012734,41.00371927139576,13.613797716755563,9.351863649582059
358,53.227185603380896,22.605442156129357,27.56635336971176,21.374504344366095,11.182884303503709
359,41.727690564476774,30.91679959889578,42.8605696803647,17.06083632584958,11.360440720953383
360,55.193465142411725,29.923450754135022,32.7943994427255,16.540002790382765,10.614807139439376
361,65.32738913002578,32.89645749800544,30.531307999095258,14.937966958667868,8.350775499130478
362,48.91239851543143,30.597901842070765,29.34348569647476,14.618322506396328,10.553201531022362
363,54.01711722098941,25.13465529559222,47.788818624929476,15.933657490663133,12.390961301650957
364,56.90143991711113,35.982857508322454,35.59515624415048,17.87293712710853,8.806741882776539
365,45.987795281141636,29.20735213486515,50.73609396941549,25.859777412579703,14.195878678264862
366,52.24092481810417,29.86347730245034,36.24938975863392,18.422360972314387,8.94873813202923
367,50.12592400781795,25.333660204634022,28.048494296849373,20.533250318804093,10.064814026680272
368,50.97676098548832,27.783588744042447,32.184328920359384,21.201444159518985,8.655028807987328
369,42.26990216144534,25.575986429865495,48.65068134004857,20.393195558647545,10.44654167184052
370,50.245101742589426,29.135269700382885,38.90871275444333,19.76766961782202,6.51555661472945
371,54.979982912454496,38.558542400711715,36.16198892456579,16.414118709202267,8.907916402366558
372,64.51143607795042,23.140494285343216,41.120127580969516,24.352782644837635,7.815757599302866
373,59.59270826085207,21.932193010616295,43.51247915317281,25.421589930913655,10.270676695784582
374,71.53182457511556,37.35585163746804,47.821791711317225,14.952023917631942,11.988894751017815
375,42.326524371119504,28.95338161424067,50.139494609250484,16.92791422734086,11.292012374229103
376,58.723206367206785,26.654636306700418,37.4816194794764,19.160568972868983,5.256681278282215
377,51.83342005738352,35.199523436980385,30.717666197425732,17.106386615269425,14.08413930585576
378,71.89802933217672,26.97192230131568,37.10574387213707,21.517896660367597,10.590559881241736
379,41.91701714644849,39.13004856773468,41.821963546080205,17.81518339278016,8.447001719013999
380,41.602781578192236,33.38962935669635,33.25368751652572,26.49516820341981,10.314255837981882
381,44.00607354555978,27.560442959271487,33.2999435957347,23.57164578303079,10.352379645005385
382,28.76104275690193,40.786541066327516,42.4065151708492,20.637722091896645,8.666302566096872
383,44.74244978319239,26.97142538498331,39.65943353900684,23.080958789959197,10.39583333468415
384,42.40867338446302,33.71047686004653,40.2295789678811,23.317701273071926,8.785055424759385
385,51.50393786476208,31.49646290203246,34.69053265709951,18.30815753582527,9.191276014619955
386,53.41755975777159,36.50870644699399,38.38719500055963,17.551348266374106,8.627441728489831
387,68.76170839215887,37.807555983634266,33.53036799012187,20.234429188908944,7.1346574205206945
388,59.5042383818605,30.160020745328833,46.231388877873506,22.584908373493832,10.291672940430768
389,44.23096344337597,26.232910648269083,47.246745343066266,20.417181195960254,11.170598873032676
390,41.01585328651642,32.29986071469558,27.076684964333342,15.269010553427009,11.029767192152745
391,54.919191715065054,26.61142315123947,33.49342397865313,17.591526668147473,11.639850505270468
392,36.797667929793576,40.066936237633115,29.524295214369445,19.778081409216867,10.648680420029736
393,68.31458765854353,30.682676655413687,35.449832459151715,19.77300318702251,8.934549003566193
394,61.79440120721287,28.173392243439455,39.41593421146747,25.917626530369425,11.679327728862377
395,45.30824347895295,30.923401529324543,29.85248346211029,15.842036172803006,7.2849649203161295
396,32.868654709091224,23.264368552351517,33.54698130812281,21.516767725507624,8.19865723497504
397,63.538723741654124,25.141929807446743,32.97229839542951,24.46733932498487,8.07159985715351
398,48.85460154747382,36.00206953972213,41.45087130579261,26.814349236268388,12.16011211827862
399,62.378163119734616,26.71552860514302,40.485410359253756,18.786807730448118,11.885577028280151
400,34.05572341205633,24.7654450865903,34.94783712663923,21.4742883581606,10.974610474089989
401,44.00624977046227,32.68326376263643,41.237746104975784,21.709281071595942,12.143859730423594
402,50.05243699718183,35.928520773314986,36.17323940788914,20.586445194659873,8.241434435176023
403,50.46980593764742,33.594766553325336,38.098414227717626,19.703464396282083,10.69719023972196
404,45.49934528520756,34.98023842902908,51.71416463208976,21.30792616850014,9.749651143233672
405,56.228499323474985,26.216024557152696,49.38322736253244,12.403261744340945,11.693764207769828
406,39.32379570617405,22.89094666629078,30.902931341506815,22.046208470187892,9.769551534895605
407,48.576205149787064,37.506668259777435,45.80812692515422,20.378533710985902,9.230114223179838
408,51.20295631711899,28.38660080578932,45.679775881441145,19.332575309665202,11.08181703712198
409,55.14438834058749,28.745834917724764,31.96215697873167,26.140586587158673,11.752338334382465
410,57.1161487808889,36.64097070924529,45.73144350628402,17.975197943628345,8.663309610306397
411,38.75357908162131,32.7811500470033,50.76552342888787,18.79077203280491,9.877848657295248
412,34.65885829264378,32.279438860408035,32.1421863562891,25.974659906614203,7.883118732716694
413,62.77676821898509,40.825011724505416,33.57748025290015,17.50381608545043,5.003877965014121
414,53.323140119795916,26.782408848099287,47.12363026790452,18.349654151190382,10.400919262827458
415,42.51513463443446,34.63920064040619,41.90046717577954,19.558923729707452,11.217810712509264
416,65.51151975522524,30.285065624485423,43.86033392667666,22.522203446388648,10.524133618173451
417,51.156746342928585,31.342961394316283,42.384124514803474,20.62340752205994,6.100876564491266
418,61.792971840638266,37.64234213206266,42.73487144649701,16.122123958543213,9.298301139847052
419,50.67518481410109,32.53917878144812,30.71469510182242,18.40349431061843,5.5633044798978375
420,70.60747924881987,32.69148039524816,47.331223946350136,18.177936700363365,12.73940221530837
421,67.55340842443204,35.362536686549014,48.18712994699442,19.768336864330863,7.827890835763828
422,47.51035851520926,28.175236352285573,38.3942647915238,21.277530975889487,12.510807218919792
423,59.71570950954356,25.803951663304968,39.69566135130296,21.254617267663917,11.891739287368292
424,56.45375949585147,24.775954029894834,29.282247482109945,14.671964737854793,8.198819294927876
425,63.68631557532349,20.16821705311999,43.59978329212485,23.19182296268257,7.73443009746451
426,40.35076539419896,40.28103564970161,44.00440209199901,20.757706537989872,10.700740432772676
427,56.86051459998439,24.483958171391585,39.56466288100482,24.15359614278172,8.311351925633858
428,60.58424486849588,28.89373188207114,47.87047351909352,21.332594981872017,10.204969284316416
429,32.41260513576886,28.615933500555396,37.66145938314042,23.303968873207285,9.034344818386163
430,38.16741487334225,31.537033489045506,43.9522414812552,21.399635934350382,6.437683171068733
431,29.607678222398995,34.078686062696484,32.86234962915519,24.038677268608247,5.539063961751082
432,47.305931655554424,34.30236744179873,39.835134943880334,21.566751908053334,10.453368496989194
433,57.17542255795962,27.08461280715531,38.779520194680146,19.706254260671287,8.87688450733875
434,65.02357052096028,29.164391431067944,41.57715545428659,26.817304161340644,8.893820366171735
435,50.74094780419775,31.412899752441497,37.41331149816649,22.667111366839677,11.391727678187571
436,66.28615545571292,28.756544369082263,39.07969183029832,21.72123326301324,12.34688455326489
437,36.198985417851084,38.03672788009996,45.78233020009054,16.171086750384994,9.454910557276381
438,32.96617560644845,32.45487475819126,36.94265033933248,16.135077147609387,9.318802586180277
439,49.44452301103381,33.67438893024909,28.753960294829245,20.87814644642556,11.000286066227767
440,53.840654489393074,33.31440634333706,52.247087329437946,20.436563593304722,7.286128860600849
441,49.67305251905907,35.86736928742663,49.670178550833405,18.157632304975053,10.446306109495394
442,29.325578999601234,30.905107793518535,30.95416113426067,20.42294809883618,11.103771943644308
443,49.10879960487212,23.515840260220767,44.82795463671636,24.765880784130786,11.360460416835258
444,36.95530499495147,31.998439758763208,36.4791766061406,22.086207423650897,6.12649459499507
445,56.69672548830039,26.743215531040853,41.84441050731742,16.576974470741785,8.477289460382119
446,53.66598246096848,27.356916591251217,42.05956890309446,19.66547351857117,8.243473494353067
447,40.60120213672645,32.931820093775464,38.359145397785746,17.585100557442317,10.199773908818425
448,44.861330826633065,36.19141535716818,34.51364034089522,18.836900250774317,10.961489159535969
449,39.40786478111048,30.106357883680307,35.16621263378619,18.759153003111074,12.993420814891962
450,49.37320902726828,31.544165062994818,33.586656591631304,18.567063252187985,9.010069039263854
451,59.551423205012384,38.51107472317619,34.17724454238689,16.234593884079814,9.004855003381572
452,40.14273953664456,31.203765897442842,39.52975196965451,19.61703595544543,12.299344037757495
453,55.040465155178445,43.008415570901974,34.98968007622474,18.31817708945807,10.59315387706061
454,44.69742381627559,32.827548228157724,44.77436445998834,11.211653929993195,12.535303022375947
455,42.07127167737656,21.19618620422091,50.41072308735149,26.15891607350499,10.577456006019673
456,48.929696400454425,33.76670810552266,35.9396273104097,23.266308962650015,7.685766762573458
457,39.64757677580626,31.90579192441389,41.67583150374764,18.87109782522501,7.333743290444387
458,44.46350694652818,36.44876377041373,43.49779577212054,20.056457149221796,6.896975501882142
459,38.021221074111516,33.365906756349794,43.30401589643492,16.485036958047314,11.324103669516946
460,69.6472513291639,29.307720080081133,40.53168687541261,25.087168633432597,12.377193646174016
461,50.35263551971729,23.878508818553172,45.19877692851806,25.691866084319336,13.698724282772762
462,43.00274492007414,28.954883713569874,43.3757426687646,20.470081184739573,11.686210664646481
463,52.13979910734222,25.7473977289535,31.336363043708914,23.070591932556034,12.325677155069972
464,48.8767195030917,27.097382750976386,46.08409245072491,20.52586033680177,8.83996733469263
465,47.79030400466777,32.942892022103045,46.21103586086719,15.989823683372208,7.687168366512287
466,56.14166700043425,38.34952252175703,34.656997270749926,18.764529893109028,11.700158664835106
467,57.57507710047305,31.973357649114906,40.26556484813322,20.39578390031587,10.8353615044788
468,44.69498852389472,24.020584689824076,44.783302949677484,18.63635684376967,10.214888748681785
469,44.2418175935532,32.2230133411007,38.53480326294447,19.344040167694892,10.77474296126598
470,47.24948302848356,35.98315743322826,47.510846334362085,19.725801327472656,10.64637096491641
471,26.98078835264415,26.95108547840309,56.547107462335525,19.757364506403615,12.567633719707123
472,34.84808937801448,29.32991416663541,34.49809777155512,20.15677547149245,12.589971169633912
473,63.66874267444525,30.073440973645987,30.332687777923574,16.818184800810197,11.088440704680695
474,66.44967713501283,26.075508434588798,42.12673016923413,17.848951552616192,11.691605745125857
475,47.50963960443622,33.2414021692193,45.05093753588301,16.146247202900092,11.028125104849552
476,55.765569630557664,29.395259256961094,38.383935383086616,22.933446649058602,9.077660535930763
477,53.112501545435364,32.09766221953514,50.17282464324724,13.683059174479027,11.51312934982628
478,80.78880808455239,25.562539110989498,30.629759401937257,23.460771029950777,7.211009862281477
479,61.195749114345766,27.812708498382946,44.85043036122128,24.15904819178853,12.107783104591766
480,48.72082408519233,33.61190678913886,35.75897425468774,19.093458239052136,7.61095412046793
481,40.44459559399574,28.135834239541165,52.03564534345108,12.190588736518105,10.571606573589467
482,33.93553679742428,38.63481925616703,53.94760747217683,18.91606831409813,8.309692083147683
483,52.03463635867223,28.001819071926988,34.633403885516564,19.807447516133543,11.106777966148854
484,42.436492547156966,31.12342362875943,36.15310004863994,16.96820534021326,9.932149548144181
485,35.77746290402326,34.66295415936545,46.01711520885861,18.454344818575272,6.810488083673335
486,43.534271157574736,22.908171335334842,37.290085451473395,24.590585596590053,10.841399262036958
487,39.18451996385605,21.19595594009612,39.682121474474336,21.99478148690522,8.844158446334578
488,66.87141635072564,22.371718427149524,40.17771894379687,17.2263076568657,11.762293441626738
489,58.816397569494505,36.31292051713591,26.562287906616405,15.207202491213703,10.002651377468814
490,49.92027358683383,27.240709270537767,39.90313577734034,19.018948047170685,10.790841970776077
491,64.79944138890026,42.79099642834126,35.17190558155078,19.359629661948684,8.084862089969576
492,50.77368307647618,27.178762006713058,36.548140243201594,21.48859756208995,8.821335537145277
493,41.38715798671736,30.922756515985185,50.1054240242817,18.394049862297024,9.082722727797831
494,65.23124077269657,37.71054976283938,31.204451740045208,21.534498726085584,11.71340496048511
495,55.38910043684659,40.03046444079561,45.69243630723584,25.805462120180685,13.354754175610978
496,39.62753845673544,40.30751788318199,38.04725948767734,22.446503067332788,8.389656496514247
497,48.09661321916392,36.04183115296571,38.04167882052916,19.855734478007683,12.153696289315361
498,41.24381746615243,35.12031262905731,45.53260327236198,19.450548586840117,5.660645164548596
499,36.172002690356635,32.96263474600592,42.38035906198223,18.929980597460386,7.611621197815421
500,59.26177547531641,33.89180538083319,43.99429098053672,23.541922737356433,8.08244308762645
501,69.0941664047013,27.244071418357333,46.77729262373003,18.11805966214609,7.294982621118555
502,36.01432426180859,25.909005582888465,37.68084131771674,20.13566812699995,6.8328232204248405
503,55.62969236690571,29.98312771294524,35.71434285844575,20.153593705643257,10.825997824275595
504,43.49357430878173,29.149076887375358,32.403946314095414,18.494647421565404,9.571864604544277
505,45.12874616235304,27.733859753363625,34.222126290147315,15.882603356347698,10.75881079521022
506,44.07606075761131,33.481937237283574,60.643660977161076,20.968923510853003,11.380945372243026
507,41.36009230320184,34.77652604285255,48.712757065157504,19.81698808443385,10.531233986345066
508,50.48521627944827,30.442034431459238,30.54247943654385,21.50072140830971,11.315526352300747
509,41.69049883588962,37.38765040527631,30.74279430279501,18.3991990806825,9.86093542751546
510,52.704568257798385,24.291554429332475,43.37306243202944,23.662463896439142,7.626013223388511
511,49.49761890550863,29.03170270360141,43.83085358164577,17.369678656364464,12.115628361641592
512,47.6105195313359,26.415888396985977,43.84218684722155,25.13612085205368,8.821775734437747
513,40.92436337958402,20.6673169146347,38.21530944512411,14.757090470515216,8.128807402475148
514,44.23228669431667,29.586596570786504,39.1218201799797,21.304310193670673,9.644164248391204
515,57.55391225825756,29.39126245808358,42.2951566691155,21.42629204757987,8.174378161406974
516,55.009171876243805,37.567248716210656,40.60125104405331,17.613328796177353,9.165139236021135
517,40.22444755201449,33.154058422773886,24.464897390767256,21.273181813583037,10.688107843126932
518,50.99332305429226,24.879065878353977,38.391402585973644,23.838556009280477,10.696683478492254
519,57.51387123371789,39.27046283167094,34.0401549601778,13.349543481937808,8.204339867148741
520,33.305947188786284,36.10516847762676,41.22647993235958,21.508234422472444,9.02458925410251
521,55.43360192379935,32.910488517343076,60.89681301822387,12.520187539009768,12.148666009540488
522,43.37376241054153,28.86757950575084,42.57237165832013,17.103005589430374,10.992800235467882
523,55.70598668593159,25.202803816382602,37.80529219679322,24.887499094702836,14.150130078697083
524,42.367408434574834,28.138966119644735,46.45261051384077,18.254653899823836,12.360256347483055
525,31.95117899335481,35.443743098520926,43.37881521046449,16.47836010677308,12.288586137119879
526,33.72457562116837,39.42293152967304,42.94066143316289,19.406186813045956,7.224262899088396
527,50.48084946661382,37.71621764136094,44.2479541525097,26.203719014490655,11.527720703266844
528,52.59722501721482,27.55575289106863,54.39580495380679,14.50495325838192,9.89378639660618
529,40.956833748955916,24.401912833554945,32.08378095271859,16.846070265081966,8.898036392923501
530,56.38592458777374,30.70443123455602,43.31542453768018,24.49229504953888,10.336030681065058
531,33.3847993773104,21.157803172185744,33.515332090129235,25.573107030613198,11.890423069222967
532,49.33920201352684,31.615838570923906,43.888588524395736,19.689706327129148,11.001663182008423
533,37.889838002375434,29.261987068506656,33.56919441959734,16.282841892420073,8.24305239731588
534,43.48163892197841,27.66981749065879,37.07843230476441,26.287530505427476,11.48491782718524
535,50.47398671316414,22.02648466366602,37.93437060033465,24.783327175247592,8.724824915848073
536,41.39586634716048,32.568000532848586,46.83071703541296,22.0368409632867,10.433366237928572
537,46.154444557701744,27.336495801690443,46.4291811075969,17.56279295318774,9.393299865045732
538,60.0629280921444,24.15041582144856,31.27997836487531,19.85291197748589,9.562267496528749
539,44.23108130476851,15.638688933591753,40.384538776998944,19.518919756865508,11.53248595008102
540,58.35692112065142,29.862425474746818,35.03294101675579,20.992553913846734,7.919612560368204
541,38.702931453423815,38.86125798334872,31.190465625272658,24.353004314394006,13.890390148553866
542,55.298041779152825,38.30629607273935,38.48088064702941,22.63825112341221,6.357827861411007
543,64.41568620657901,27.714518717068643,37.840620480809264,16.767871769045726,8.804664633490287
544,25.283554998727105,26.988939698191096,56.987015404418656,24.129489350058613,10.740423779883482
545,42.03104744529523,32.34387128037512,43.030718777524875,20.939396420039465,11.16862833287062
546,55.7707212718054,25.008072804058543,30.356677494720337,22.061197387576748,9.79904855885659
547,47.96954613957007,31.50895949909733,36.0465819708034,24.399622577835807,9.885218593996916
548,53.71145873371309,33.83040139192345,47.149683068005785,16.665259251459347,10.821100170655233
549,43.960148132841795,36.13466611942154,54.619099410089476,19.892523263880612,9.53786104508464
550,50.865897874729,29.499229617600236,28.898116814334294,18.405636345922353,12.786362515869811
551,48.44322764607921,28.98163124911517,26.840529304026685,15.296421723903633,11.678698228463205
552,61.67782061659807,25.610087066217194,53.09675622760248,21.04012993281476,11.74564870201127
553,52.54420843301213,25.8655982298007,42.72729924159633,27.534669654753273,8.067686553259167
554,53.37602662075202,28.867605540492367,33.92195087686544,14.479766766482742,9.841223151188593
555,45.881230338775325,31.83682753408089,43.742403602857046,19.90315816685159,9.399068102558592
556,45.123937759275066,34.567923131166246,21.549765826881856,21.92162880522432,7.9887972486210685
557,45.67441812180379,25.984105246598276,40.02362854618013,20.369234604968543,10.720328367891534
558,53.944521423782966,37.46344284479761,42.2947482099016,19.660615842452778,8.924708484440368
559,45.79015519179737,28.644381994787157,46.46989097676481,16.102350909662526,11.310807659700474
560,52.89774856896413,29.89316352825782,32.90272833395224,20.69836022882049,7.859616874211337
561,70.75400798645438,26.263941604260882,40.59981012982351,17.72970806895222,13.438081225683643
562,58.711247034316926,17.878798698635293,33.52202761758289,13.43023488506434,8.207334682815876
563,46.73976467832159,34.42022698180525,41.78768628972022,23.583776661541194,10.438604674400873
564,62.012139221639444,33.684219485462165,33.73257574345883,22.87515745952613,11.583718620776136
565,45.91924626978449,28.593362214408934,37.143294125878455,20.15498293055324,8.858719139599774
566,29.61875464822146,30.33495358612436,33.02929223646839,20.68722406461711,11.704937286865901
567,39.91913689082596,32.5796960885205,44.5579536927656,23.222954038146685,7.541632804399168
568,31.292080789741444,22.187270715567287,46.009157816596655,20.673018970334248,12.90423539836512
569,46.48486515958692,27.354736613268525,38.3576560102981,22.712052664283945,10.028298529931517
570,50.184183791895514,33.971323398109135,40.2676659647202,19.10755339737845,8.80717718406224
571,66.76437312275283,23.728552884153753,29.85986009756519,23.93595121572184,9.40163645514513
572,53.269273737641626,31.467789660833148,37.902263463952494,20.96235717779805,11.617838538785438
573,47.80899471191136,23.217090976882975,39.648567680707785,20.582155830817623,8.831089416299124
574,58.294055811834895,32.33214991216763,58.34555163720982,16.189816733863903,8.501284621154445
575,27.88864690992115,29.821792588512583,32.21623081958086,20.860867562905128,9.556926804832523
576,52.356145581085656,21.924340920472453,50.24924067126706,17.504135247516647,7.646075774460064
577,57.708651938869664,35.82369677228586,46.978011414260656,18.085151820414517,13.641087815883632
578,35.214137542201584,26.327042116009753,41.964454831430956,17.553873115051637,8.867210817570554
579,61.43754043206929,25.948737814928094,52.31034338936593,16.801295204302324,11.663233572360808
580,53.38496407494414,31.002845986154714,42.60473830824804,26.374314209050887,10.418940167295546
581,45.847120860991986,35.743186747143575,42.724114369675505,23.99401718596521,8.030931899036064
582,56.32781866106285,24.920890905108017,39.628155428877186,25.761102506432785,9.988090581574541
583,72.70692857804396,30.30839924923986,48.56498217693039,16.331314941333307,11.568005558621497
584,51.81866255058495,32.14408250165287,47.67528463667619,20.213761249732677,9.623477329827386
585,52.48220586300336,33.46552803631572,35.62025898752651,16.119477124387714,12.386225891702056
586,45.40639100459756,30.882207776386124,30.76526963780863,17.912915368408807,12.043030785563728
587,41.50155630535208,28.164860804583387,38.5791355382304,17.245619049750275,11.837829709316658
588,58.303358165442454,25.862048896756402,34.39973004921647,23.718752019324683,9.080686455454007
589,41.43916174091133,30.430719415231874,39.555327977692514,18.81131096569472,7.8403151044370265
590,50.715662372193925,24.639304940071966,48.662066942788975,23.205138001082048,8.772824789274411
591,45.223425532348834,15.393247582526964,36.79888841439247,21.812362668765555,10.39248188133344
592,54.78979825746392,32.18279902078834,39.700236330818974,26.910916256314366,11.091573427064711
593,53.33662105286948,34.519674205430974,40.40615914365877,15.561667330580828,5.656857190479105
594,60.375399442578995,18.18533782229081,45.93901617543699,23.777699719360395,9.9837735967765
595,44.89983601145253,24.95134647645031,24.271774662107763,23.439322611202183,10.316178450646369
596,47.30125064706629,33.09577130502599,35.753097936642924,17.079863485918896,9.444911487368897
597,40.21236284217693,40.2874773485585,41.47898584595631,23.02140000941948,12.582547678031759
598,45.55706739923888,30.10396853837704,48.40055269498803,21.008434889078686,10.843560148501743
599,53.77300493044852,26.35998529385433,36.556682867456566,19.317571220139776,12.620383816161794
600,57.56988616645352,29.0855177944758,26.86413105770688,17.528193539084,9.568078959299536
601,40.77834675822375,36.87438209574093,44.33798012176295,17.84267164565244,11.87495498501385
602,58.6960592010566,26.770179104377323,35.55246327822059,26.14943628735778,13.270132789055038
603,63.55637858804951,26.00403996674873,31.67233338636747,20.002048456872448,12.623386898545322
604,54.13434903223701,27.58628238908984,35.62958227200743,22.346390004594376,7.815716813142534
605,68.76795812558066,25.233356958706437,38.70832249640905,17.62730185499734,9.492647844915238
606,42.26210800896427,30.613351579973976,35.76678734823251,17.660441161335083,9.309670589100406
607,37.55345296688583,38.1233922923478,24.561037600306516,23.245954427749826,10.978509070152656
608,32.212797510957216,31.615396365580146,46.279463378209925,15.951271365345404,11.372707110029067
609,64.96044311489183,28.738232489368563,48.92412528895105,18.754358696284186,8.322214651948528
610,56.54365656354058,28.54094365542228,44.56065393937654,20.102082233216695,10.135677027833875
611,49.44415329089545,22.184045956516716,32.036200307026284,20.334117805520158,5.960145335687727
612,52.799686263198204,34.415548885735795,38.58955926236737,19.462720144951533,12.88389001160378
613,38.74510952701623,29.61081401493599,39.95435079339379,21.18745934328777,8.975251518646612
614,74.45751979616827,29.09760043204687,44.191560726933375,22.078567267453433,10.111727879688994
615,51.292211819752275,45.965537839224304,44.67838342102657,22.20391263637799,9.380700572023878
616,51.09394794604893,31.49376454182843,34.86078340855053,17.042588573996518,12.29205515002683
617,57.25766623898692,26.24104474952408,40.573968894894925,19.14753470621361,4.324987117205242
618,54.810092317367136,27.868212018972283,43.200962832306686,23.584288585630812,9.966779315348182
619,52.23884024279131,35.74222854598378,50.19075625502737,22.683941562721618,9.788362485004605
620,42.09525544554688,30.56635205268882,44.931545778773064,15.88142164555681,9.092727224816635
621,54.714683571359956,22.808610108413166,45.52339681162863,21.054439701056605,13.452453091271265
622,68.82024496475034,34.596144672876015,40.58678639550553,14.06532425187557,8.225341082288457
623,63.454200461549775,26.65927957230503,49.87321401642453,20.140804706181108,11.543592354471322
624,65.93186626639397,39.366488881087726,42.86833957171648,25.69330105023793,10.712505577412166
625,44.88784323568815,35.40024032857324,33.97238462878501,17.15632184819304,12.523038505071032
626,40.10395179741419,27.763390521706246,49.82358979087633,17.497030863525254,8.665621830444989
627,48.74213079900352,36.40508180867556,44.885322907773194,22.29208934471858,8.534062201752482
628,50.557249122886944,30.339277552637018,36.898691852100626,15.371595454371063,12.192139814954796
629,60.94191518470949,34.263868375611096,36.643549228205295,18.101734910344884,10.85064261666022
630,33.07535370285181,32.42366408647237,42.07602881598533,21.789323412745258,6.910125306646483
631,65.29550319460614,25.768216725045633,43.242293566873094,18.097142456931792,8.92138997107346
632,48.419921014210104,26.78225083841269,41.38104585941844,19.292090038367085,10.772765307696123
633,45.7311893005258,35.14980408790581,42.17916071410019,22.232557130945104,11.675528443093178
634,39.87895624739832,28.326123339467294,51.89970162203466,21.264638250609686,8.64153869361409
635,33.451433281342304,27.981757683790015,47.5008020656442,20.800455188886204,4.171488020366118
636,58.231705839619146,25.224387103253235,41.33444913885517,18.982633162189885,11.046446371474067
637,50.73317967188404,32.11799532796731,46.58917406537238,21.110183345806867,7.559358620112048
638,37.10039100258946,40.31262459621573,32.772332675307226,19.62880195970073,5.965322403755177
639,37.04921227936384,24.662335428728635,42.78548934962766,21.373416829777355,4.335348150031718
640,46.64215300709872,30.12109728336379,52.66514444813177,18.509203924646066,11.627961720395483
641,66.69021525289392,37.061102777077146,38.47367873225338,19.452293076861377,10.257234900809934
642,47.40408648636395,29.601793043771423,34.066562499666404,17.030126622343957,9.548687238575496
643,34.96857046881894,32.26185898124867,35.43537777984857,19.894977169981292,12.778048725925522
644,47.54256935914056,24.688032359265602,32.37256873860328,17.566997409113466,11.274649366046145
645,47.27276430252329,32.141535486038244,34.50666664310607,16.65786064951402,13.232600085443833
646,23.031133570584284,29.064278674977256,37.4064433098698,20.775983443566165,7.2145290556660076
647,49.45705133482188,34.928649978399314,30.161030865749506,20.63821932757298,9.930898752092073
648,47.69065469791322,35.936930257823754,40.10932833764722,22.348621204845717,6.7665732501039715
649,56.96206364813418,42.94781821009307,46.31594021650653,18.706623291274703,9.541235336289066
650,68.48956094945345,32.89816586606788,33.645706738971555,21.224158540510267,9.502768292466646
651,61.26565029547757,31.628981582910832,50.63498746549238,21.65239271682099,11.253227274526141
652,47.31111309445169,30.97192150788668,43.57554461969316,21.334321423494785,10.091127762283797
653,38.934740912583294,28.23416853594656,47.2140640993684,17.523038951593573,11.246814276559832
654,75.7335980324986,31.692419217308455,35.39515812303504,20.448090446813566,11.406880266277788
655,50.59218434014488,28.522992949304854,45.98167658946631,21.092420888163986,14.309857354766283
656,50.13929291912946,30.84230488134807,32.35646269723281,20.021535400723828,9.369406689427752
657,49.758749128899964,36.587987678039795,46.23173250585556,13.740567024886746,8.117954598667241
658,51.98084760767855,24.967287173601793,41.202875378554715,20.48146887192044,10.492167230632818
659,48.556395880760576,35.699392805645225,43.87275853989348,26.637593118191727,8.395439945720913
660,44.26337993119763,36.58557533669933,31.770837760626037,18.919882193729052,12.963921536873071
661,44.53141058759608,29.409657365044605,33.73451110406377,17.815768706434035,9.433563922109535
662,49.672467297840015,19.390725504957025,44.18059752777369,21.120045679134194,8.86884726425202
663,44.56575228866235,26.960890064527838,33.361563970430595,20.937134631399715,9.057368557697764
664,42.871542173228356,36.484972732805545,43.24244404469386,23.578205496249243,11.436834846943281
665,51.064302276918966,29.88565968850559,30.43003535477828,16.226395532273337,9.68450603353703
666,47.450227825791444,25.003488838525445,45.93721948866668,22.194140757724977,8.716666359739236
667,65.0399298858269,27.47612539385891,31.372336796620438,21.771266183754392,13.330703835247062
668,23.490301916069882,34.20310013252276,43.86609956375666,19.57356038917836,8.2876603186765
669,60.91506851922462,32.7336678410069,44.379416535522004,21.01606195376507,10.071132148065987
670,62.46085192497629,28.80533950415153,35.122597270992976,23.08837244479507,11.30461230322046
671,29.266097675918505,28.165877940926563,44.07418596959309,22.61694614008535,6.7373297791658535
672,46.573124059196516,28.04120925478089,41.82309584333489,16.570942063778816,10.96052100281185
673,46.28559134004209,25.387949077507486,36.22810700665083,22.460474560266455,7.889784649039101
674,35.924883052821784,38.07687844734721,32.94011721146654,19.805934184902444,11.645565561668004
675,42.22183312409125,28.3883976539433,26.261620158291947,20.218622294046547,8.074697976162048
676,38.894241545341714,36.085792604127484,42.44755033109786,20.219590973005083,11.385538063697721
677,67.52270443423623,37.60658025961226,29.046380600465614,19.54927103360522,12.211666132589425
678,59.35678393147461,34.9915544907398,40.667409396089155,23.575122491321196,11.72287305126561
679,62.71555094994159,27.841898436409757,38.15586248742426,19.748846120452363,10.502633296476205
680,57.21672064043235,32.018650451683044,44.75399942806737,16.641361614850496,9.5373981141406
681,38.70948228782771,29.879021968045418,37.88568150357095,18.819410432090812,8.847160847330311
682,44.75479733720226,25.48149069634936,37.693865495570364,20.536084150431428,12.942069381634209
683,54.89374561227918,31.621796408608017,45.12309493001807,23.68764435289115,8.601009559664714
684,37.778721911080545,24.10480104420099,42.34540620358882,21.8092840548465,7.925867852860008
685,57.12998430172388,35.93839694230782,42.21309170027945,17.44839416375887,11.33073787006566
686,47.59674601841865,27.676913513508033,43.28487312865968,27.455569750036673,8.407726393627009
687,46.251791924504026,31.005798279364196,29.25099513755026,20.79432593293394,8.099873005067746
688,57.10959968203491,31.41643935773071,45.29752075990888,23.826172213997044,7.112791475660471
689,54.4426331148604,28.705475131479613,44.287281558095216,19.544856699268312,9.034180321078965
690,46.3903383418092,32.933469007376374,32.88321809996452,21.600077734116347,9.834569952207014
691,61.59329803364248,27.62548171688738,38.29143668428059,22.518405513555216,10.486183455321397
692,39.189366724001026,34.35648648728622,39.72484898660658,23.654584135262766,11.902612488598967
693,56.15935606944264,23.270101598766257,39.058522509187874,23.172104916134675,11.053795847331587
694,55.93101257968384,30.63189789773206,42.33701976597974,22.616591000218932,9.61825556089364
695,46.904535606860094,39.694644995291426,50.01956747281828,19.054739806417675,9.603608647240561
696,53.26133022242118,24.998343376972127,47.5723670937098,18.284761874131817,11.020314937830367
697,37.488864236146966,26.611275147375743,30.814465645980157,20.99782253097259,12.545140325857139
698,59.24027019206901,32.569539248294575,44.35448993214234,22.79938421702321,10.2526283989664
699,48.15097863557011,30.89790890969799,49.30253323674787,19.33183789767018,9.061738291579182
700,44.772769794809605,31.753150496367795,42.70765964482442,23.19551589714316,8.01426799782891
701,60.49009225836889,32.44593565073832,47.63686297630177,24.35785023645854,7.109589471175549
702,42.95656309457241,33.17360734280885,54.08589311990536,17.25103724277974,11.332539344087046
703,35.91538703636441,35.54849920978111,47.16596682274887,17.48923788861116,11.155957047279115
704,34.433708264760966,32.04909328464257,41.7451601694921,19.57887482328399,11.154727050213323
705,56.06009951345639,28.793711726907286,47.31561931859328,20.922838004567588,9.742681107295889
706,37.19570647503717,33.362868506013655,41.01421483167824,18.426298958698847,12.813869491783501
707,67.54794181984364,39.49940967447608,40.16732130299469,24.056608036601432,9.031763010830364
708,29.18070592116278,29.33683126808713,37.540100350003875,21.272200584555353,11.91053847441441
709,66.96456368290038,25.127353476646793,50.943893511824754,20.11834114472222,9.922514210020914
710,52.11017467202618,35.53540334643486,34.27099933840599,15.692271428394417,8.783298470641325
711,49.032868881296075,29.398094180232007,50.726574072746814,16.05255255071748,11.185060614635523
712,44.550809131910505,19.13665226992982,43.4990488661826,20.84302775084542,10.819272237367988
713,53.991361143520706,34.23710838575211,30.204856776386407,13.602213121535492,10.713945518533853
714,49.62365297575152,27.323359070230385,42.57354505093995,23.037912228932214,10.162556844112398
715,61.03301882016521,29.547333588479198,25.29981444643863,19.525538466883038,9.924213836566338
716,51.142276486620396,31.659901652845072,44.37855611781725,29.7292789087842,14.776743985740877
717,51.50301761461878,30.952498398895333,46.19662038092294,26.923748751848333,12.368513290392347
718,46.36387787786144,33.547259085695195,35.85350831043563,19.45565279225745,11.445653789971024
719,49.43054376278933,27.822568147150783,40.86483387168908,19.680988992406053,10.223598316406777
720,53.07801768892059,32.565528990880416,53.679102036252004,22.98674454200609,12.014314401193339
721,32.89831607343375,28.702266612080415,36.45977307016644,25.10951782975411,11.035989552782905
722,36.518145778942866,33.694052404437514,32.58764689060379,15.08591282769195,10.052409505548072
723,57.43264094022715,33.07683742006527,50.371643817238194,14.64087360393594,9.39287134946817
724,51.708654381279416,25.322806489777022,53.73811033371557,18.133895583336855,9.838165324674623
725,48.16016663647321,35.42991058087516,40.02586970293493,21.748212749521592,3.6591485282438887
726,50.184339330653934,27.32018277442976,47.080241247858496,21.490620771522792,10.421201678595283
727,53.47581705361671,34.040288991405724,49.390331408716165,23.209314364951553,9.02304783977928
728,44.60240319690639,31.836436567006704,34.802610372231314,16.400907414904076,13.185339996565768
729,42.216952745976876,39.190918383975614,36.60285915242492,13.05156841109337,10.038688141623508
730,51.958452550976816,28.88267008814074,48.61612159208315,22.574042585906437,7.622073160930077
731,40.21627222384968,28.253416019409013,51.79509995095957,17.515411181104298,9.900239691743765
732,54.082527557144715,29.902901970561338,43.940166021220485,13.944536406834086,7.907757829874992
733,32.9741639576216,28.484101085828623,33.84129952548562,20.435191237878144,10.946814831424932
734,60.29155637325644,33.99970950971025,53.909427781896085,22.37952706465603,10.581894728678972
735,54.72597482413043,21.91844695781706,36.28320371531625,19.633828603636168,11.915679262216536
736,52.56029734313876,24.73158790426823,37.654035531799835,18.62645484145253,8.418236416610869
737,59.82690983945514,24.660985392104035,42.39636484142735,19.52191330356228,10.068016192456293
738,66.65474444462576,34.751537959867875,50.87912294500342,18.88825171279765,7.2699564091467295
739,60.1437006501813,38.553066862909624,45.977831835865565,15.955858664179498,11.40298956384943
740,31.591257686683548,29.477753907312643,42.904058502533374,17.855957969028704,11.037742360880245
741,37.204230332642986,29.155891384049948,43.243019710826744,21.563839715041443,10.991610042055141
742,43.75181422304321,30.350260815565907,40.30460268050426,20.9650356241295,10.003238062713882
743,50.26091050210834,35.80939151304095,43.906976601629545,20.50417941790046,10.829545781577583
744,55.17659020469123,25.36323432904713,22.29307945613988,17.01455455443986,13.208678216617193
745,42.742561868465344,31.191844913673926,37.92374778651141,19.455490513593,9.429811485915971
746,51.86766764477078,34.87598814891215,41.68925354441747,13.468804860671437,10.27729036742017
747,42.44617067646678,32.50547084969923,31.942901414663453,20.53542999165617,7.827747401637181
748,43.884821970080516,30.947908082993717,42.70426322468092,24.286573123440704,8.263478076803334
749,35.93338903151778,35.005230462835705,38.56870145309715,15.577603603873683,10.195626586186615
750,40.76766753889096,16.483838535003812,52.28832988820843,18.242216980046734,12.207867093403815
751,36.48315394383666,33.38937659765454,51.011138076504,20.987320336130388,9.487438351496856
752,40.241267470226674,26.72962158436288,36.73936101617286,23.758527903282452,9.528166941375751
753,60.536417966078396,20.846835515717714,38.94413601903313,18.65532615109955,9.18622951099125
754,40.50601111168057,32.556012997624904,39.48236704074125,17.923249012202312,8.930486658311354
755,76.32382064837391,36.86829272581479,36.83838366688264,14.09323057275175,10.589942911417642
756,54.93317900880889,29.31275742686154,41.36517488819689,20.31031438792432,7.005484709642711
757,51.84836123694874,34.76437273601469,34.69202551778687,26.126228120431232,12.561879153333456
758,41.41642219818787,38.06139128994323,32.08569265543731,20.83207538589403,8.66915540374108
759,57.003098794089915,36.57457226792024,44.35897856730188,19.93316306244886,11.443806970876283
760,44.24362173762226,38.199822646856965,44.406707089552675,20.966246932300955,7.460002805212248
761,51.220098146453616,33.71063745535946,34.36978968238005,19.966723988154193,11.337680261092437
762,75.60084538268795,30.377168194507963,46.267488015338195,17.56095688321961,11.343889215628995
763,49.0394010027535,21.990170940514158,35.57895589584268,22.469839747033117,10.768404144011793
764,61.49273326285676,28.769687559350256,41.77215666626587,20.677284569335264,8.011142956400416
765,42.96823574874112,25.783767023419042,45.74240808828719,20.05283975580097,10.499096379196153
766,49.65011509503038,40.85471358748907,39.764712047074006,17.07390191816525,7.6338876305312215
767,67.7080063563551,29.120570937838316,43.18318638498794,23.910523795804277,9.494473489807628
768,43.730329422122324,30.61602403392243,36.384992492787,21.99410823599933,12.058826201910652
769,68.12448557996929,32.75742688020234,38.62473391600332,18.341237487898095,11.593403854141485
770,57.07751935455475,30.218012231862268,38.55898398383762,23.005474561045812,10.030365885080867
771,44.37533224105732,38.47525520215376,34.77395157421833,18.50728748484438,8.050386848154316
772,56.32407739055521,26.88675319132774,38.76258085818952,17.65398952246689,11.291175424348387
773,59.7255444962673,30.973037276186215,29.159671907953772,17.720890647559138,10.03876247539605
774,56.21809962217196,26.28764707150976,36.561923770005265,14.686794340735727,5.359368803539153
775,34.297752801095434,23.39988744389647,38.0058715464123,21.414627141254616,11.565259652633037
776,42.728628241751316,26.941154545473573,38.206741732532336,14.506565364984949,9.951534332260616
777,47.52481364448495,29.81481601475794,38.30951787890455,16.31466850620271,12.404902495966144
778,49.25566570899954,27.8534888774137,39.5676506009791,13.7732359727644,7.809458962314391
779,56.206720975506784,26.53789510063072,43.356090626602445,19.74179092162732,3.646592373607999
780,51.777010009332535,22.96841268164083,46.12161951892766,19.549038619184383,10.55816771669037
781,36.64655641289899,29.584472136856526,35.45164341206213,19.019911360440908,10.583127353363945
782,53.801978510059634,22.476398129844988,31.577594012275988,16.87226691598827,6.618656744787096
783,56.10585745283823,33.80027981844801,32.70568911429828,16.48329873969008,8.043000908266787
784,55.5979044793104,30.412198764672517,36.58957955163551,21.39310959063972,15.510435487439803
785,60.807807255546216,22.71224250267535,37.53655077528444,18.348344204874536,9.388778771692394
786,58.33922154548904,28.453954614750682,34.6100275366178,20.949074964608435,11.461917952752433
787,54.59180079228437,26.239217972047083,30.927183350250736,17.344253941627333,8.698680345263233
788,49.29834288541353,31.5958725520959,36.80715420768068,20.543188228313248,5.819394202293687
789,33.39039066484008,36.702252230115725,41.2699863407978,23.909834111948193,9.65948350640819
790,54.296182191325855,20.624137651771278,44.165206260848954,21.75849740117835,9.46879087942779
791,52.076876871631114,30.575130395737087,36.09803862824175,18.762758545350557,9.200243522663257
792,52.715788371953735,29.199336022166797,37.10901524499596,20.771596911067782,9.770718328987215
793,37.232514241796906,33.35670038225233,33.51311183806882,19.27800447640936,10.528536543291272
794,39.189434595917376,31.065983141188447,39.779925807376564,20.023640554084185,9.699766097492386
795,60.53152853332904,26.240153341305906,34.0609995606643,19.02316684355449,7.4719876641052725
796,49.60444846143345,28.40473032166691,44.0118946926884,19.506994382343827,10.972369583123879
797,56.81500697372624,26.019870715982556,27.498934556461222,20.636280059222525,6.101256489355153
798,50.28318376130461,35.38003569299299,37.48259229283276,17.01992390125415,5.8992850854315995
799,50.297561394957455,30.10655824335971,42.10775137434219,16.952363519030065,11.478360989403136
800,59.382838059759976,39.50595342876504,41.28684161425753,15.834372338506366,11.014040544270713
801,44.83955271782626,29.696695930926897,58.851235647863476,15.19918668648887,9.885209269851927
802,50.96120776940983,26.457966165447687,42.44860017197535,16.348151923338563,7.209102990489856
803,45.377247112949576,22.431428036935863,32.97161782210593,20.478387520412387,8.584178118651849
804,45.65503772567684,20.984301618720274,39.33175027037649,17.321637453524346,9.474506504626993
805,46.908278765313604,22.079320284972553,27.566275665734835,21.54084339269329,6.808212062851773
806,52.22133771633713,31.335633255057417,39.43580175492267,20.104141246257687,8.521942683953535
807,45.212513783365225,32.54362511614967,34.16860760099469,14.09448735968584,11.30466067635336
808,62.55756125573521,22.094046489839332,46.40773192892113,21.964926752665068,12.854610728578432
809,41.05392697780496,34.475191570380574,36.153218077831255,22.43239593677513,9.161130494682899
810,48.13128355838641,27.5846947415828,39.182638589433274,17.01841197549544,11.512976708632197
811,45.60268941725825,30.733965059927748,35.55109511016918,21.260574628684974,6.171879858825065
812,64.46977884353733,38.06110314127712,52.17195946297332,17.430505287772405,11.318902482227223
813,51.965547765115744,34.48419657932766,37.751300637174616,20.293011130245006,8.392103170545038
814,60.31844539468635,28.657346760470837,52.82789930435441,16.206504779135102,10.61469123341594
815,35.14439626963028,25.544038872923565,45.699062334827865,14.62068064239627,9.504495163520582
816,52.67050265869259,19.240922993353475,43.374467091347704,18.851548431161095,12.640828019567667
817,58.89630795623437,26.4042334037879,42.58113203122264,19.62881316117549,8.251128703320164
818,50.82283989275424,28.944348805861527,42.75658108751376,18.80696091915619,11.255212595123663
819,60.654803750653514,25.06410236424408,26.50629194458073,16.44790832533232,9.440985073406933
820,44.82711549899628,29.343715164538477,38.047816240944705,18.80030281360659,9.683389043980672
821,64.0934744018558,30.384259414793842,45.91610579829025,20.807884257742202,9.63229221368158
822,72.9889812361925,28.875720090959607,39.65771971568126,19.865320909632388,8.308653791011775
823,46.37161439560341,26.7499870958827,30.163671072374974,20.54750309179764,9.971802068186657
824,45.54497478599228,30.84327335983364,39.63316884595771,17.989654398637303,9.874703555756357
825,64.533844771177,32.209703247847045,51.92873861378844,23.515153744148478,10.482480496813459
826,65.79572145730712,24.548004612785768,48.72824200874304,16.47147999033566,10.169010291385725
827,44.771399728467316,37.054661898731354,39.565971934437776,21.462680891260156,11.595989099224472
828,45.798131829041424,29.507059338578692,46.66014493940661,23.545673278879885,11.847017232094737
829,47.18215391139493,30.094248114724238,37.434450857423634,21.442724278246686,7.898753356344398
830,36.555494889657226,33.541072116282784,28.07289889221297,19.39242731880551,11.737545001181543
831,40.81348053515802,31.166080656317508,33.52873808309312,18.415108860011063,7.627327145780291
832,39.95859233247932,34.76568316956622,50.940221379557386,23.10826295313877,11.17571177627547
833,42.32202434895871,31.43562082600912,38.08204842719487,15.731075224214981,11.239477569405738
834,49.65315112613219,26.93781312679781,38.29631214437487,17.089627218861068,6.177366216674992
835,52.342147325365204,31.80751762603051,37.901132626075835,18.807326703524836,10.18595849305882
836,65.50500492814076,24.28136896339669,53.32895612701105,23.712961272535996,9.063007773279368
837,40.016459592612094,30.542798528882617,51.381712407534444,21.139302908122687,8.48246948412925
838,59.843223984765835,29.833850046777695,55.53146163413694,17.095862724469264,12.701704661398011
839,47.86011155774491,28.959415713637302,38.886683527199644,19.069076883845288,8.692641718725163
840,49.50536290347567,29.357312442805345,42.06937142122967,18.157030567711118,8.3872461417639
841,56.74819492166604,20.590754772511804,29.38350215405446,17.870633023299394,10.151389880010187
842,38.772779784377015,27.256375461295193,50.33854098282792,22.936668675670337,11.371179492596832
843,53.82409746184051,30.464224505705573,31.825543141124456,15.884770612209483,9.716702827979747
844,51.66452208213056,30.799281959987002,41.517428946338406,24.82634256720312,12.332741091338505
845,54.92451264008149,24.86162429537021,32.31888230657009,22.48468907055387,11.06195132392818
846,52.89168643907818,36.328539204323505,35.87793221282913,23.272585011811096,5.643577360537139
847,74.55300139910895,25.669125758927496,34.139162982652095,18.611181463924225,8.941066072985983
848,43.62260015748684,34.84728600263368,35.74487317526928,19.550177842762672,8.876315801296602
849,44.690030449981826,32.13597180935842,36.22614107795715,15.700544556425864,10.958721906858845
850,43.76859473575236,26.768863450780984,36.16211843552446,18.426012778799592,4.750365887251776
851,44.44522880839745,38.87655446304756,45.83333738246215,21.480964542929453,15.098019417435445
852,43.62612872693482,24.0318158412176,32.26596044856236,23.88818918534419,11.062052189788421
853,61.89016531107552,34.59577086805001,41.54378998909707,16.678529549592646,10.297753607835382
854,64.20504247989855,35.00291159021489,48.52571406613891,18.9034821890442,12.363135432838293
855,44.29253706250524,26.646898954616777,36.40762544840623,19.546102339302433,14.687308105625249
856,41.67644426895771,36.962326500321645,34.97456776476679,15.812632393422545,11.741493289176807
857,54.71415556386404,28.749767427005235,38.38632762373825,21.7740477252752,11.89762619294324
858,44.477769557190285,31.443468146399287,48.25807645852497,17.828029004772173,10.261380048928764
859,56.32931817755511,31.301609193856102,41.3587534166735,19.41382894646893,9.716948493266104
860,52.029230208513,29.32845629264726,36.28149993774681,18.644151884264367,9.048409111990198
861,34.84255885002768,34.05404136579891,43.38713655831628,17.631984482840977,8.347776016570915
862,65.47505201330061,33.967443602761065,32.283954951145034,19.978865043558336,8.625971800601006
863,67.95877673095522,21.257340133809095,44.76951657310064,19.353171264295934,7.298888071314034
864,43.87211309515614,36.52170121439076,42.86025115391237,18.884426353164002,9.848257098629954
865,46.122984400640156,21.68754005982163,37.84534070202781,17.81461513495897,6.630664845547226
866,52.85865390724905,35.16273102170829,34.129899410869385,20.958574012348866,10.38183304828742
867,53.34456789987025,35.633525684137915,33.7932335440158,24.960851805476857,9.927338783915317
868,56.5854427267283,24.54516784892401,43.743721354421375,20.41966169851738,10.293870596773376
869,70.1020453876635,27.945928560227077,48.60286351742343,22.988354644733388,8.955736859960016
870,48.2305277250595,24.47147665757032,35.53884577079844,15.829334224539611,16.153720740361006
871,42.01702755461546,28.925394848556323,43.20870692486039,20.47328431788131,12.720231800360626
872,36.20680771985473,28.459828579071292,25.39081086978552,16.7078950430868,7.510914999830554
873,42.69069960058081,33.8983026613467,35.907675885399605,15.569225217404295,10.465736174853797
874,49.66873027126203,36.55154373059804,39.78258746990369,17.78188577762289,8.783987714125352
875,67.94557863517788,36.97841905394978,33.63221608112716,23.575698003240717,7.971040546585172
876,44.823887009638284,27.18915986710849,33.44445537647283,22.850047486008936,7.31985585775213
877,52.237879516388986,28.95389063127736,35.325543104717795,20.7290141661632,10.864433381518507
878,49.83577103927248,21.58280903889525,42.04534909828461,15.401898320330208,8.637239529860853
879,61.88393273448084,25.970649667519055,38.68869687115538,19.41115804583619,11.935652048050407
880,75.26932425873622,34.82425816548729,24.332381366725194,20.905100026705206,11.987564429060878
881,44.69131227079679,38.07791411774116,25.155098931554537,20.526608688735795,12.747828770422899
882,45.10560557481778,23.82825564060039,35.75194375499977,14.468619249557763,8.295226467851792
883,60.44160877069072,27.037678704235528,43.20380610237486,17.329046455940386,10.95073122138402
884,56.81891489626312,29.867971215205365,20.767466100923357,19.80776670755385,11.264908433284601
885,68.46707325736034,31.400805794098034,36.501888766938585,21.60887272855157,9.05164364979207
886,55.839281853259635,25.95198240039177,36.31626500437805,13.41161653670016,8.45645608521425
887,46.40707909212941,32.12030522232045,49.71836444745914,19.513628073560426,13.219041331551946
888,55.90654830692309,27.63080326464542,37.304847318009955,20.429146309636856,10.454991751464107
889,61.087035805829075,29.927738645608603,42.6809228931865,22.54883596554864,11.271935501423476
890,58.204821811973645,32.7314212400185,40.98879998061224,22.07857275271231,8.355847976344146
891,55.07274031107298,30.032111349054688,25.086034641349595,21.747713956426416,7.561431066955612
892,60.666746895891535,27.818070547367157,45.37745051642216,17.600178479894197,8.86110045101578
893,61.692955904456724,29.451950980370846,41.50777553819402,14.275993588630078,9.751957225220005
894,63.82158991037527,29.558185203973323,43.55788047772213,18.820841728815797,7.871559986365302
895,56.48709887589643,28.14994485058936,67.48366394505429,23.00489547562568,9.980310382699233
896,48.328819196831454,28.706019686664487,25.41120942350988,24.180363582573293,6.622989623863
897,51.46713686433323,37.99323585252358,52.072876548327756,22.131647306893356,7.759905155060256
898,62.06508966508357,32.8045972397062,37.98786736419751,21.288022468405202,11.34182249655375
899,41.83064329012764,28.522598409854197,42.01130233082107,21.138918945157897,11.207581040555787
900,53.686733088729014,33.48477202255368,39.6814142828913,18.331643759717657,9.216246469226267
901,46.06661187672639,28.33090255121995,37.0303456662137,19.60981911933914,7.964471381846094
902,50.28744822934817,35.86562318793321,36.01116950232869,25.00720857747899,7.945192896947978
903,62.78451862607299,31.84821096099047,42.30656114901107,17.172325982624372,9.253463508117372
904,51.910990680199035,29.463489279978855,29.379784123298247,24.844336372129554,11.289036983290583
905,50.46436548156149,32.23858462905139,45.25405417265236,19.033915536523825,11.856491382688649
906,36.40143859020081,22.145619239657503,37.08663916580322,23.976296327285237,9.006936529036063
907,57.46253566027221,24.366162655450974,32.089514626717495,15.779554971507386,7.693015148030432
908,56.45484181141075,24.030374968004722,36.849909994029304,21.757712603493946,10.535687275732666
909,71.6325472330546,30.714715473818533,48.80004451803801,17.789689592157135,8.352930058748301
910,46.92221765046999,38.66257499742546,36.25265439088644,15.754198424227438,8.963494722277595
911,52.19150327663939,41.15650073096316,42.50917532746734,20.655602127232836,12.650552180874076
912,52.49383683710755,33.19025550720379,34.88330606999169,23.028415365787907,11.654230857131536
913,65.77453279763475,32.50422237472228,45.305452949465334,17.46517568421951,10.315948624502903
914,49.047044676130476,20.994711329236303,44.79855417153143,15.502952118624796,7.456161997774554
915,52.790215257703395,27.28663100132989,52.94026183307488,19.724465706995133,10.422793134941317
916,56.078965097165394,26.061081240458805,38.77105238150549,19.737694013668456,12.125314581575052
917,51.86609123156358,26.89576200874442,44.680583633305346,21.644958882663495,9.248732668468929
918,45.535663854494715,29.159280907076052,40.68647277677261,22.848783714093464,12.70222817997343
919,51.94089992898308,27.639547111514364,49.0711024730411,19.821754456182518,12.585490579036414
920,60.73631749859772,20.10350094812106,34.96817328673889,25.566509944382787,13.327465664286947
921,39.7348470058894,33.73955128058767,45.21503719014097,20.672704233605874,10.610486253062707
922,51.32969674146876,24.636284871300965,38.63711892718323,18.9607204819793,11.174783399612025
923,42.99879185060827,31.196234320555746,39.55068276024051,15.165297922691517,12.82837457666218
924,61.950466289248425,40.370413348749864,40.64226739113861,19.212021439051497,10.89478787413795
925,34.76813095216225,25.403077042067885,41.76568277498674,18.99083916376659,8.997531784419575
926,44.410781527284115,17.348562386268352,39.18639669814629,22.88091438884441,9.102914326944278
927,53.772118750645205,28.569978890599447,41.50299228219369,21.387450872200564,10.477109907547478
928,65.65524029234341,35.50479817499286,51.046826402935295,16.46189263510215,7.418877156107563
929,49.34249738927012,39.79173727110297,46.89814779930653,20.51676315923311,9.713482169271614
930,44.44800473306802,23.852252027737915,46.08408214747828,22.01459351518716,12.193094236460507
931,68.8115706944059,32.48349611618261,36.811223317832905,24.5840940781635,5.617492297669438
932,35.51986099583756,27.673447716099734,33.77531420240173,22.66251190224218,13.06896420358903
933,28.011940433799182,29.47025822847932,46.687103907664266,22.282539962934433,12.244748437406319
934,54.40014450053332,43.221716735085174,46.132327547708556,20.18025798384549,9.080470768339048
935,44.97945775647389,22.485148358024233,50.308694730256875,21.16493601627035,11.08678165574362
936,39.787671828692865,31.268698307472867,35.772135618215394,23.748514702118477,10.006295453812653
937,57.08356447299353,32.33846585882716,38.39315941247757,16.001667807561052,12.459980736877366
938,52.43800713771199,35.42893162469674,28.52361086232196,18.951682018349132,11.965366285539883
939,44.359213692632714,30.48991576735448,37.25270225757389,17.68229375373128,7.199858553633982
940,37.19695601329106,31.54025269752051,46.97599357405613,21.137459356178372,11.174524826928353
941,58.724573282801444,28.041757162891045,36.73453234540261,23.690666526952363,9.588744292713505
942,56.50201177958661,31.345634706225535,44.48335856640577,18.20907713983678,10.1656651410362
943,49.00824136220617,28.28403862251295,38.66647825801532,12.829086897591687,8.543656198060368
944,68.46636996047665,33.107859449280255,42.26839919755093,18.76333776492659,13.49627413824167
945,39.29915233673847,28.15194831978183,31.966160271290327,22.74042119605222,12.080123639805151
946,34.74474829075261,31.885501969510933,40.596466147437305,21.61288970884964,8.520457672054066
947,43.080919301187556,29.853685931575107,19.062048203694935,21.284558743431727,7.330778786179534
948,49.54413983644502,35.63025125386084,38.69172689286611,19.16002009437656,9.228654738044304
949,52.43339449322692,29.74303138205757,28.586687293994018,16.16290779134064,10.869005292182612
950,47.5876394214367,21.134837658965594,48.44196161582771,21.545882964873403,10.480411687892445
951,53.520553965142966,36.30960750356996,45.441851469351576,17.497154569896125,12.506265649536488
952,37.48460575809556,25.471338495686904,43.26669687376257,26.552290200141368,11.579839444361705
953,64.4376460407326,26.7311683067559,50.64704359011566,21.711521625063547,11.939138051505815
954,49.178488216074314,27.02169352978254,33.35758435422614,18.258055092338147,10.653710801220875
955,61.172958315881274,36.87219046585409,52.23154238540891,18.165844257834117,7.221402539578019
956,53.42725346377704,19.32162893010652,46.52534094982269,19.721167380159237,9.608602937706197
957,54.567532191537836,45.688742668299966,38.34411298946738,19.28149423393475,12.120179479817331
958,55.69767280232204,35.28028404533026,47.94934103028061,23.350501326589864,9.896954142950708
959,54.47708560017315,31.1161945706458,32.25594541311856,20.559248509232138,11.006180737247494
960,56.42722759867544,29.725529996918567,34.228400869306284,17.805104783274416,9.362503369507733
961,63.29152530132431,31.427770374288286,35.7398719373221,25.67132205546735,7.9403763029163095
962,51.9652116970147,32.60561214189669,36.297156043551894,20.147924994560668,9.75331187190778
963,57.09003757588512,33.22607792975028,32.60409650067823,22.306519027906692,10.618094886065307
964,49.102643057127736,32.778022330017244,48.561581469667274,18.17532047766572,8.688624561077113
965,64.40117215449473,30.447903406276243,38.18801919741118,21.08934688323357,9.528577510286663
966,43.2360769794073,29.01330789846337,42.467534778498155,20.933329973429586,8.121073516028035
967,68.00940432910815,29.243633581732443,36.00754043510423,14.33105212371154,12.238489835128192
968,49.59842049355657,29.025458598236597,27.25577689616038,26.04582533138192,9.411088484823932
969,35.69224897881952,35.66885048433532,41.890401508739956,23.87193338276764,12.905511090252366
970,51.28104414910789,32.96778361140431,26.614215172061563,18.808414051562035,13.057495701081816
971,43.18948342525119,15.298056826678598,39.51956167740172,16.693190778632435,9.837908070556512
972,58.406435489887244,33.279503882648804,30.421794728170326,21.042684841410654,7.983102534905301
973,43.47376020697609,30.973680973593876,53.91093199461565,20.26009309824319,5.8282042445333255
974,45.538165667852205,29.90645621777051,46.37953905522305,21.06700684568969,7.055925853946417
975,31.104592690544692,28.05740773455557,40.74027653890036,20.574732188582267,7.25233035020268
976,45.47693680750923,35.620563599930065,48.84594674358268,21.51872296791778,12.75693925492301
977,25.761206733710434,34.73763231061429,34.07578815773985,24.34191709817542,10.231649174453892
978,34.16097176514277,26.135611660881956,43.80435565069065,21.704309615385938,10.779209048183976
979,57.604146561442974,32.03526143562267,41.39867303603099,16.851033503270177,5.559157982129748
980,57.85800158650832,25.14171632729357,41.84814056933569,24.087688558137355,7.604067141565476
981,54.254575617849646,23.101909176055347,48.90647450074738,24.92184369046486,11.774159552892574
982,40.33023856870787,26.866413877050174,45.127444719458616,29.456170203536253,10.573548224765172
983,49.5228864385802,34.311967361913794,42.02106563977516,16.629517900281208,9.705589442628806
984,49.963974609094315,34.76562522688043,28.415787946401927,20.728646039450826,11.129684717200245
985,38.416353108074574,32.56542710048647,33.279675933043755,13.753703890433037,13.27159561227163
986,65.0339830176715,33.625478934239986,39.14103746482993,21.65944746913763,9.5579150729259
987,58.77362290575671,32.58089143557479,40.65360661993656,18.355399105499682,10.13873960531614
988,47.79035826170336,26.792592023885238,32.08857392728253,25.77033738447486,10.38519383746261
989,50.26885838994531,32.159612723369705,56.88173672904895,17.676155089944253,14.784219270547986
990,52.08382807947552,34.00204762613841,50.61475838677501,14.932450886098215,5.801287471161949
991,29.582651315757094,33.77145664906787,44.21482824274739,18.58620877789244,11.366446029577617
992,47.52822617479403,35.94456685737322,40.504258028986214,14.073536686348588,9.770395502481872
993,43.180157520022014,33.54151923600532,38.51453721069194,22.25329836352193,11.13354345236836
994,39.983799901050844,31.757241037707914,33.33657077984435,13.804750861231039,8.685254892010551
995,47.18899707114045,35.350751191582134,40.542363629632035,20.085372743549478,9.9020699382831
996,67.97686526849523,29.8673937037547,41.804267780999254,13.76656454043141,11.42282115893099
997,56.4084286126701,25.59062674386141,31.30767597162863,19.039106586390073,16.22582040208768
998,44.28821010217203,29.18466518028118,42.33923492071428,24.930134467413602,11.616072378804143
999,55.72582781356159,26.275486775967757,38.913186658226756,21.081943674307386,8.303868803938983
